ADC;CSm;Da;Db;f;Pf;CSs;Dk;K;CSk;
1.368101;0.001397;1.226306;6.030844;7.932197;47.837841;0.000468;1.607212;0.998583;0.000227;
1.492836;0.001856;1.496090;50.000000;1.391098;69.554893;0.001710;1.492890;0.000271;0.001856;
1.445449;0.003204;1.382836;50.000000;6.050721;302.536041;0.000760;1.654673;0.833329;0.002384;
1.314737;0.005916;1.083580;10.132451;12.191113;123.525848;0.002169;1.708758;1.423110;0.002846;
1.581705;0.004599;1.417328;50.000000;8.314198;415.709869;0.001542;1.822465;0.811822;0.003562;
1.311344;0.004347;1.202921;50.000000;7.003418;350.170929;0.001736;1.536678;1.012332;0.003353;
1.323625;0.002515;1.312223;50.000000;3.571288;178.564423;0.001549;1.398702;0.410428;0.002403;
1.294908;0.008011;1.124902;20.069511;9.996361;200.622070;0.003817;1.716721;1.504578;0.004534;
1.727982;0.005790;1.560631;50.000000;9.214589;460.729492;0.001400;2.039152;0.867048;0.004163;
1.145845;0.003081;0.935252;4.761278;12.275416;58.446667;0.001651;1.424538;1.413601;0.001419;
1.278664;0.002599;1.097147;5.957416;10.106584;60.209118;0.001183;1.566604;1.241075;0.000885;
1.920691;0.010205;1.514886;25.545811;16.041037;409.781281;0.002231;2.534045;1.144412;0.004313;
1.138249;0.004537;0.859847;6.094591;15.135619;92.245415;0.001585;1.500766;1.644860;0.001758;
1.226953;0.001460;1.206796;16.661726;2.470104;41.156200;0.001086;1.380400;0.842479;0.000955;
1.323418;0.014089;1.033831;29.699903;16.081041;477.605377;0.002408;1.843272;1.597424;0.009299;
1.208975;0.010373;1.165002;50.000000;9.327887;466.394348;0.003799;1.515303;1.369541;0.008615;
2.054134;0.038614;1.052686;15.081738;35.267506;531.895264;0.004188;3.452480;1.390271;0.011153;
1.748711;0.013697;1.300433;8.215957;20.342632;167.134186;0.005642;2.494324;1.387009;0.004029;
1.516095;0.007580;1.215637;13.651565;14.902729;203.445572;0.000600;2.081194;1.428335;0.001796;
1.428199;0.007512;1.057934;8.717574;18.010012;157.003616;0.000995;2.011911;1.555865;0.001138;
1.531824;0.010734;1.086007;7.942088;21.002588;166.804398;0.002685;2.220929;1.540227;0.002126;
1.326937;0.002162;1.111947;5.219068;11.920273;62.212715;0.000622;1.616244;1.181463;0.000432;
1.261154;0.002729;1.116682;30.787472;7.600755;234.008026;0.000635;1.533676;1.215532;0.001235;
1.217953;0.001990;1.045512;8.634836;9.366861;80.881317;0.000156;1.500763;1.305944;0.000322;
1.217191;0.001210;1.125839;14.823185;5.307016;78.666878;0.000251;1.410514;1.012537;0.000425;
1.523536;0.006050;1.297023;11.546322;11.466998;132.401657;0.002340;1.985435;1.297594;0.002061;
1.274019;0.005928;0.986009;5.711774;15.861888;90.599518;0.002275;1.749444;1.637985;0.001264;
1.164723;0.000334;1.150338;50.000000;1.390318;69.515900;0.000208;1.170026;0.040069;0.000333;
1.554837;0.003714;1.240943;7.223690;15.132380;109.311623;0.000363;1.961335;1.175547;0.000600;
1.543463;0.003347;1.214602;5.408504;16.548271;89.501381;0.000843;1.908796;1.117055;0.000801;
1.191263;0.000527;1.119423;10.648042;4.128792;43.963554;0.000069;1.328192;0.806104;0.000123;
1.377645;0.002861;1.213637;10.805901;8.895172;96.120346;0.000636;1.712857;1.227941;0.000638;
1.489326;0.007571;1.489326;0.000000;0.000000;0.000000;0.007571;1.596178;0.461825;0.007362;
1.283018;0.003251;1.283018;0.000000;0.000000;0.000000;0.003251;1.271891;-0.073135;0.003248;
1.179413;0.000981;1.141928;3.028848;2.731929;8.274595;0.000933;1.245647;0.444519;0.000881;
1.916576;0.003407;1.550776;7.368510;15.672660;115.484146;0.000678;2.291446;0.862149;0.001051;
1.867407;0.001377;1.628953;3.374876;13.486483;45.515205;0.000828;2.061869;0.554610;0.000708;
1.289882;0.002320;1.120449;6.655113;9.430392;62.760319;0.000797;1.565338;1.187869;0.000728;
1.431323;0.003839;1.300675;17.356720;7.822062;135.765335;0.001265;1.752164;1.131851;0.001860;
1.474774;0.003125;1.474774;0.000000;0.000000;0.000000;0.003125;1.393155;-0.470978;0.002983;
2.121221;0.011044;1.558841;9.793700;21.794331;213.447144;0.002522;2.876194;1.143148;0.002244;
1.511081;0.004886;1.379401;50.000000;8.003821;400.191101;0.001459;1.801766;0.989832;0.003349;
1.184831;0.000456;1.184831;0.000000;0.000000;0.000000;0.000456;1.135162;-0.402536;0.000401;
1.322823;0.001544;1.322823;0.000000;0.000000;0.000000;0.001544;1.412133;0.230983;0.001261;
1.985491;0.001034;1.778064;7.288615;9.059213;66.029114;0.000167;2.195396;0.538931;0.000299;
1.804958;0.001073;1.594677;2.638144;13.560966;35.775780;0.000730;1.963888;0.493959;0.000606;
1.334547;0.001476;1.163010;5.011908;9.807261;49.153088;0.000410;1.587197;1.074072;0.000139;
1.357103;0.002642;1.182633;5.834861;9.866686;57.570744;0.001142;1.661129;1.183856;0.000722;
1.414469;0.004223;1.414469;0.000000;0.000000;0.000000;0.004223;1.582048;0.730838;0.003635;
2.406409;0.013740;1.840207;24.285143;19.668398;477.649872;0.001630;3.198215;1.022358;0.005171;
2.221031;0.003301;1.989505;13.629034;9.453487;128.841904;0.001079;2.560779;0.672312;0.001535;
1.512428;0.003060;1.321083;11.544473;9.388696;108.387543;0.000921;1.800445;0.980254;0.001495;
1.137512;0.003150;0.924566;5.899748;11.728859;69.197319;0.001615;1.393998;1.351633;0.001759;
1.554739;0.002775;1.384277;15.122776;8.497035;128.498749;0.000548;1.864494;0.994016;0.000989;
1.821442;0.001021;1.707121;6.754288;5.552055;37.500179;0.000633;1.975790;0.473179;0.000596;
1.516535;0.000299;1.421244;3.678909;5.753093;21.165104;0.000134;1.617774;0.432441;0.000095;
1.438916;0.001949;1.242391;4.340235;11.293970;49.018486;0.000876;1.702300;0.996838;0.000516;
1.291497;0.001946;1.090739;3.791131;12.217003;46.316261;0.000943;1.540626;1.116269;0.000600;
1.388323;0.002592;1.207792;12.360469;9.026745;111.574799;0.000584;1.684382;1.124092;0.000885;
2.377005;0.007964;2.068154;37.820549;12.867928;486.672119;0.000591;2.927220;0.851540;0.003772;
2.102881;0.004097;1.733791;7.594427;15.332625;116.442497;0.001247;2.533328;0.848445;0.001165;
1.422950;0.003875;1.103861;6.273593;16.270872;102.076836;0.000315;1.857763;1.364913;0.000166;
1.099617;0.000573;1.099617;0.000000;0.000000;0.000000;0.000573;1.038113;-0.583276;0.000487;
1.617352;0.003334;1.368432;11.197239;11.176547;125.146461;0.000960;1.911242;0.906813;0.001770;
1.699299;0.002642;1.462303;8.299063;11.068433;91.857620;0.000640;2.037413;0.941088;0.000587;
1.454887;0.001322;1.405109;8.807272;3.271818;28.815794;0.000973;1.622421;0.700546;0.000756;
1.443485;0.002419;1.257301;5.028515;10.348835;52.039272;0.001276;1.699409;0.970077;0.001070;
1.159839;0.000183;1.105505;6.099084;3.118413;19.019461;0.000064;1.229538;0.476575;0.000076;
1.263036;0.002480;1.237807;50.000000;4.822456;241.122818;0.000749;1.376288;0.627927;0.002225;
1.959494;0.009338;1.668609;25.832066;13.528014;349.456543;0.001701;2.495184;1.031910;0.004842;
1.353918;0.009687;1.016685;9.524092;16.724270;159.283478;0.003628;1.905792;1.614756;0.003949;
1.103817;0.003010;1.041200;3.695641;3.943356;14.573227;0.002953;1.144687;0.318538;0.002972;
1.593086;0.002872;1.513959;50.000000;5.995667;299.783356;0.000657;1.796159;0.706152;0.002128;
1.472874;0.001753;1.249995;5.795093;11.530439;66.819962;0.000356;1.734176;0.954630;0.000413;
1.423743;0.001303;1.271000;5.170345;8.477311;43.830620;0.000563;1.634802;0.862786;0.000406;
1.397558;0.000946;1.331176;14.593069;3.720098;54.287647;0.000482;1.554376;0.704962;0.000451;
1.097871;0.000400;1.097871;0.000000;0.000000;0.000000;0.000400;1.074284;-0.208433;0.000387;
1.132417;0.003194;1.070007;50.000000;5.608052;280.402588;0.001184;1.296514;0.995875;0.002633;
1.163485;0.003625;1.058244;50.000000;7.658956;382.947784;0.000268;1.422182;1.311255;0.002270;
1.221539;0.000525;1.165230;3.938405;3.646548;14.361582;0.000414;1.309760;0.539675;0.000355;
1.440710;0.003438;1.282246;19.536251;8.783379;171.594284;0.000372;1.794030;1.192282;0.001069;
1.310101;0.002787;1.177950;8.858914;6.989676;61.920940;0.001834;1.517090;0.955584;0.001918;
1.296570;0.000137;1.250120;2.782809;3.212410;8.939524;0.000115;1.328658;0.193648;0.000115;
1.302309;0.000643;1.253439;13.779624;3.159538;43.537239;0.000246;1.421367;0.625880;0.000346;
1.145355;0.001033;1.150889;50.000000;2.510827;125.541344;0.000544;1.216852;0.495547;0.000923;
1.051990;0.003304;0.823983;6.756078;12.931831;87.368462;0.000409;1.415079;1.823670;0.000414;
1.153725;0.002040;1.130446;4.169527;1.838226;7.664534;0.001976;1.250835;0.643440;0.001827;
1.371050;0.002351;1.359227;50.000000;3.961209;198.060455;0.001163;1.530929;0.734129;0.001851;
1.274085;0.003228;1.151093;50.000000;7.033603;351.680145;0.000957;1.543501;1.188077;0.001776;
1.167820;0.000894;1.068595;3.266292;6.705760;21.902966;0.000637;1.300089;0.812601;0.000499;
1.146295;0.001871;0.992235;3.809977;9.715681;37.016521;0.001189;1.340048;1.112482;0.001010;
1.049759;0.003949;0.971502;50.000000;6.909399;345.469940;0.000939;1.245744;1.266042;0.003143;
1.060889;0.007705;0.903086;50.000000;9.716325;485.816254;0.003245;1.349588;1.590359;0.005993;
1.156017;0.004176;0.981161;9.381461;10.069513;94.466743;0.001454;1.513274;1.600433;0.001480;
1.312480;0.001414;1.281015;4.766553;2.249123;10.720567;0.001318;1.419923;0.570710;0.001167;
1.273713;0.001101;1.113942;4.494958;9.362947;42.086052;0.000362;1.477631;0.988122;0.000219;
1.178546;0.001437;1.067350;5.056598;6.675503;33.755341;0.000914;1.352212;0.985652;0.000782;
0.960705;0.000910;0.918227;4.119844;2.937532;12.102176;0.000809;1.044692;0.766199;0.000741;
1.191445;0.003796;0.965902;9.569948;11.979065;114.639030;0.000615;1.563928;1.571948;0.000961;
1.129054;0.001238;1.008621;3.596073;7.785033;27.995550;0.000874;1.273468;0.916003;0.000770;
1.102689;0.000561;1.072745;4.258135;2.121546;9.033832;0.000495;1.181348;0.577490;0.000419;
1.119518;0.000673;1.062553;4.655724;3.470536;16.157858;0.000572;1.191428;0.520026;0.000559;
1.038445;0.004587;0.963119;50.000000;7.351587;367.579346;0.001011;1.251929;1.363156;0.003637;
1.082929;0.003644;0.884221;5.494282;11.664278;64.086830;0.001766;1.406394;1.662126;0.001339;
1.023165;0.003058;0.889390;3.468722;8.669379;30.071671;0.002735;1.137896;0.890279;0.002753;
0.932345;0.001807;0.932345;0.000000;0.000000;0.000000;0.001807;0.870125;-0.812026;0.001712;
0.844792;0.001008;0.844792;0.000000;0.000000;0.000000;0.001008;0.779885;-1.040793;0.000906;
1.086114;0.012299;0.899811;50.000000;13.695339;684.766968;0.001258;1.533244;1.906663;0.008509;
0.914645;0.003872;0.914645;0.000000;0.000000;0.000000;0.003872;0.678615;-5.103597;0.002420;
0.991064;0.002798;0.887534;2.817826;7.293858;20.552820;0.002669;1.059261;0.607026;0.002687;
0.880162;0.001591;0.880162;0.000000;0.000000;0.000000;0.001591;0.838564;-0.578423;0.001549;
0.826454;0.002777;0.826454;0.000000;0.000000;0.000000;0.002777;0.780505;-0.728741;0.002726;
1.003838;0.010541;0.911646;50.000000;10.696624;534.831177;0.002464;1.367826;1.918419;0.007910;
1.807604;0.022433;1.106441;15.555308;27.496469;427.716064;0.002092;2.780378;1.435314;0.008015;
2.314363;0.020817;1.450801;15.179775;28.586662;433.939087;0.003229;3.231642;1.117002;0.009247;
1.548566;0.000627;1.505440;1.505440;0.751410;1.131203;0.001008;1.579210;0.138972;0.000608;
1.290129;0.001543;1.208071;1.618463;12.556207;20.321749;0.001085;1.424802;0.412507;0.001048;
1.392213;0.002368;1.234883;1.234883;16.779411;20.720606;0.002317;1.451831;0.309621;0.002292;
1.500599;0.001628;1.468251;2.723358;5.403853;14.716627;0.001299;1.621756;0.319116;0.001266;
1.341135;0.009893;1.173002;3.337345;10.792424;36.018044;0.009216;1.561491;0.973844;0.008829;
1.315827;0.003041;1.129902;8.004399;10.020515;80.208206;0.001004;1.630192;1.255059;0.001028;
1.232584;0.000496;1.173859;4.232949;3.578150;15.146125;0.000410;1.301267;0.426338;0.000395;
1.139730;0.000544;1.139730;0.000000;0.000000;0.000000;0.000544;1.159604;0.152794;0.000535;
1.209948;0.000976;1.101280;4.664636;6.630600;30.929337;0.000498;1.376433;0.917785;0.000363;
1.312512;0.001181;1.166265;7.248006;7.929316;57.471733;0.000110;1.538097;1.013644;0.000130;
1.468785;0.003685;1.170223;5.315215;15.601626;82.925995;0.001197;1.853356;1.230596;0.000799;
1.754923;0.003152;1.508642;1.941939;18.628986;36.176353;0.002929;1.871135;0.392746;0.002894;
1.391413;0.005851;1.073690;7.457176;15.983389;119.190941;0.001503;1.853480;1.443506;0.001672;
1.284635;0.001333;1.153765;2.828909;8.950448;25.320002;0.001074;1.409549;0.668576;0.000989;
1.191985;0.000661;1.128984;4.558949;3.836324;17.489609;0.000532;1.270558;0.506604;0.000524;
1.157672;0.001969;1.033339;16.709848;7.139807;119.305092;0.000203;1.415009;1.320977;0.000576;
1.230332;0.000974;1.113980;7.896909;6.381835;50.396767;0.000230;1.398676;0.898891;0.000371;
1.203349;0.001619;1.047081;8.223168;8.575794;70.520203;0.000156;1.455738;1.236107;0.000276;
1.178996;0.002213;1.043609;13.588716;7.722954;104.945023;0.000304;1.451830;1.334985;0.000659;
1.223653;0.001411;1.071175;7.301915;8.505571;62.106956;0.000072;1.472008;1.195080;0.000100;
1.409238;0.000808;1.409238;0.000000;0.000000;0.000000;0.000808;1.331970;-0.479143;0.000680;
1.535065;0.006943;1.438057;40.576679;8.619607;349.755035;0.002146;1.840433;0.992917;0.005296;
1.299573;0.003998;1.201859;37.092445;6.344846;235.345871;0.001941;1.460209;0.793656;0.003487;
1.288725;0.002671;1.212605;26.709118;5.678877;151.677795;0.000916;1.547833;1.141520;0.001316;
1.321627;0.001878;1.193065;10.427835;7.235919;75.454979;0.000388;1.589730;1.128450;0.000411;
1.184880;0.000606;1.133568;24.866114;3.334142;82.907150;0.000104;1.301566;0.714097;0.000315;
1.155107;0.003312;0.987256;8.473094;9.803111;83.062675;0.000862;1.517299;1.617181;0.000516;
1.309144;0.002035;1.107385;7.003408;10.812403;75.723671;0.000104;1.611680;1.234230;0.000154;
1.403226;0.001501;1.294078;12.971898;5.727873;74.301384;0.000578;1.596140;0.820726;0.000760;
1.233400;0.001971;1.123898;18.381981;6.682145;122.831055;0.000145;1.459287;1.104473;0.000922;
1.129659;0.000413;1.082898;8.887142;2.813971;25.008160;0.000216;1.214725;0.591590;0.000252;
1.267027;0.000921;1.240059;5.842413;1.779609;10.397210;0.000855;1.334945;0.403291;0.000821;
1.140649;0.002418;1.140649;0.000000;0.000000;0.000000;0.002418;0.912904;-2.840320;0.001190;
1.177173;0.001716;1.177173;0.000000;0.000000;0.000000;0.001716;1.231207;0.368629;0.001653;
1.140569;0.002073;1.085348;37.284206;4.796031;178.816238;0.000671;1.361446;1.221738;0.001037;
1.174477;0.001145;1.174477;0.000000;0.000000;0.000000;0.001145;1.261934;0.570982;0.000974;
1.101443;0.001468;1.020611;11.206993;5.082015;56.954105;0.000609;1.280432;1.110616;0.000762;
1.305121;0.001920;1.099340;5.876058;11.263610;66.185623;0.000266;1.601260;1.225828;0.000110;
1.761872;0.001071;1.652295;5.528952;5.792397;32.025887;0.000689;1.933504;0.542727;0.000535;
1.593663;0.000281;1.532707;13.511682;3.057676;41.314339;0.000025;1.698375;0.411900;0.000073;
1.223042;0.000896;1.123640;7.051642;5.413650;38.175121;0.000481;1.344335;0.700932;0.000579;
1.083511;0.000259;1.059494;20.617702;1.901383;39.202156;0.000073;1.167020;0.623876;0.000102;
1.166822;0.000464;1.154178;50.000000;1.588767;79.438370;0.000286;1.242872;0.510177;0.000337;
1.115667;0.002014;1.115667;0.000000;0.000000;0.000000;0.002014;0.923962;-2.304827;0.001193;
1.150388;0.001893;1.036217;7.706708;6.339548;48.857044;0.001196;1.299750;0.907875;0.001403;
1.148026;0.005498;0.816286;5.917892;18.100979;107.119637;0.000827;1.635684;1.866467;0.000467;
1.126443;0.001571;1.080617;2.965661;3.431892;10.177830;0.001487;1.222665;0.664349;0.001359;
1.122760;0.001354;1.071017;6.636845;3.091944;20.520752;0.001187;1.199948;0.549282;0.001218;
1.750391;0.001354;1.530007;4.260029;11.811255;50.316284;0.000502;1.986832;0.704555;0.000312;
2.183437;0.000814;1.965821;4.012861;10.884441;43.677753;0.000439;2.341015;0.375825;0.000423;
1.673271;0.002368;1.494469;32.524929;7.663608;249.258331;0.000612;1.899562;0.718955;0.001460;
1.249106;0.001144;1.122083;6.183169;7.233607;44.726616;0.000358;1.454140;1.019295;0.000254;
1.121100;0.003330;1.063841;33.449028;5.928751;198.310959;0.001042;1.362210;1.320891;0.002113;
1.167995;0.003354;1.092835;31.733723;6.920390;219.609726;0.000374;1.438613;1.340420;0.001861;
1.056040;0.003138;0.937208;21.403204;7.719609;165.224365;0.000524;1.293853;1.425271;0.001932;
1.212360;0.001024;1.114080;4.605190;5.968372;27.485489;0.000670;1.349078;0.784660;0.000609;
1.069438;0.001351;1.003596;45.861870;4.134152;189.599945;0.000567;1.244432;1.145294;0.000677;
1.371797;0.001547;1.297961;29.552898;5.032218;148.716614;0.000231;1.535941;0.746452;0.001016;
2.067146;0.000401;1.912087;3.808347;8.286992;31.559738;0.000142;2.206354;0.364248;0.000079;
2.091412;0.002164;1.794647;7.682588;12.463645;95.753052;0.000305;2.429554;0.724896;0.000334;
1.525575;0.002457;1.366169;16.979980;8.124708;137.957367;0.000250;1.812816;0.968157;0.000912;
1.277805;0.000955;1.186121;6.421894;5.301765;34.047371;0.000483;1.441540;0.834278;0.000386;
1.186049;0.001290;1.147005;50.000000;2.920616;146.030807;0.000803;1.260961;0.488287;0.001170;
1.099821;0.002111;0.994218;13.582535;6.249380;84.882416;0.000832;1.287793;1.150646;0.001342;
1.207586;0.001757;1.128582;9.202982;4.926017;45.334049;0.001024;1.392650;0.992694;0.001014;
1.157527;0.001088;1.138356;14.269005;1.948675;27.805655;0.000876;1.222136;0.445226;0.000996;
1.042740;0.001666;0.913962;3.590136;8.318726;29.865355;0.001296;1.170058;0.938099;0.001287;
1.766441;0.001920;1.541171;5.674660;11.184572;63.468639;0.000630;2.045635;0.784428;0.000494;
2.332644;0.000286;2.199230;6.772220;5.569298;37.716511;0.000037;2.454730;0.274744;0.000063;
1.875704;0.002541;1.645126;12.051482;9.934343;119.723557;0.000413;2.211329;0.824288;0.000638;
1.364037;0.001462;1.248122;14.169579;6.498583;92.082184;0.000030;1.593029;0.966928;0.000414;
1.308810;0.001668;1.150545;5.393420;8.946808;48.253895;0.000707;1.535246;1.022088;0.000583;
1.129644;0.000546;1.053213;1.334015;8.069845;10.765295;0.000521;1.168512;0.293494;0.000511;
1.067200;0.001012;0.961653;3.086075;7.185449;22.174833;0.000818;1.162814;0.717772;0.000799;
1.184891;0.001466;1.141847;50.000000;4.021976;201.098785;0.000419;1.275334;0.576256;0.001296;
1.327788;0.000763;1.188909;4.902505;7.868090;38.573349;0.000221;1.496055;0.804147;0.000177;
2.115029;0.001046;1.959205;10.230821;6.732681;68.880859;0.000151;2.339748;0.523999;0.000234;
2.238139;0.001651;2.019774;10.866102;8.826372;95.908264;0.000166;2.532117;0.600916;0.000323;
1.479573;0.002961;1.312465;18.665112;8.752692;163.369995;0.000196;1.795129;1.072451;0.001088;
1.318024;0.002129;1.222201;21.468435;6.251616;134.212402;0.000288;1.568346;1.079635;0.000875;
1.335029;0.002991;1.096149;4.990309;13.317674;66.459312;0.001107;1.667021;1.277951;0.000694;
1.095893;0.000769;1.035995;1.098566;10.703261;11.758237;0.000629;1.161791;0.280659;0.000620;
1.062841;0.000528;0.999035;9.154329;3.968342;36.327507;0.000093;1.196307;0.943630;0.000125;
1.192171;0.003484;1.139245;50.000000;4.500860;225.043030;0.002224;1.322495;0.775416;0.003132;
1.376588;0.002041;1.201163;6.397786;9.301755;59.510635;0.000905;1.619940;1.000163;0.000856;
1.907351;0.002190;1.794565;25.522518;6.336020;161.711166;0.000291;2.164341;0.661517;0.001089;
1.634032;0.002526;1.400579;8.724515;11.132289;97.123825;0.000240;1.964459;0.971159;0.000506;
1.207013;0.002167;1.076596;13.451716;7.652685;102.941757;0.000151;1.494243;1.334023;0.000451;
1.275839;0.002790;1.167927;19.084463;6.371242;121.591728;0.001174;1.550794;1.205413;0.001249;
1.230845;0.001825;1.049493;3.399546;11.573588;39.344948;0.001101;1.445866;1.081739;0.000811;
1.063013;0.000195;1.035900;1.035900;3.354504;3.474931;0.000201;1.056000;-0.063982;0.000194;
1.012471;0.000688;1.001666;50.000000;2.450260;122.513000;0.000228;1.084706;0.614381;0.000570;
1.261246;0.004198;1.184632;33.003193;6.604069;217.955368;0.001536;1.531277;1.206453;0.002746;
1.230117;0.001321;1.083623;5.590732;8.463575;47.317577;0.000358;1.461747;1.135255;0.000175;
1.400108;0.001374;1.206069;4.220338;11.215683;47.333981;0.000441;1.636177;0.958468;0.000218;
1.338558;0.000997;1.219353;5.611165;6.865417;38.522984;0.000343;1.539224;0.908466;0.000158;
1.274594;0.000644;1.274594;0.000000;0.000000;0.000000;0.000644;1.286737;0.077987;0.000641;
1.268518;0.001692;1.137812;7.998912;7.344375;58.747013;0.000535;1.512616;1.124227;0.000448;
1.079979;0.000836;0.998977;2.856259;5.703363;16.290281;0.000738;1.148930;0.531813;0.000727;
0.923722;0.000187;0.907365;8.646057;1.208996;10.453048;0.000136;0.974654;0.529393;0.000124;
0.960114;0.003835;0.960114;0.000000;0.000000;0.000000;0.003835;1.125847;1.292765;0.003228;
1.207865;0.002566;1.072428;9.770023;7.396370;72.262703;0.001317;1.449745;1.197375;0.001346;
1.214900;0.000247;1.192539;3.553337;1.574157;5.593512;0.000225;1.261485;0.306961;0.000199;
1.228696;0.000973;1.191862;50.000000;3.476906;173.845291;0.000184;1.345073;0.672508;0.000691;
1.329589;0.000969;1.329589;0.000000;0.000000;0.000000;0.000969;1.319605;-0.061716;0.000967;
1.269822;0.000369;1.230770;18.680124;2.601773;48.601440;0.000067;1.372975;0.577958;0.000145;
0.980358;0.001357;0.963899;50.000000;3.466096;173.304810;0.000443;1.070138;0.779993;0.001177;
0.905285;0.000952;0.905285;0.000000;0.000000;0.000000;0.000952;0.864753;-0.532730;0.000913;
1.061826;0.004882;0.797412;6.875951;14.671276;100.878975;0.001238;1.446772;1.847176;0.001662;
1.108283;0.000676;1.065477;1.071573;5.328883;5.710284;0.000669;1.130994;0.182340;0.000664;
1.099452;0.000075;1.068607;6.604548;1.857634;12.268832;0.000017;1.149521;0.387149;0.000018;
1.196209;0.000712;1.178088;23.015879;2.317536;53.340134;0.000363;1.297800;0.626332;0.000491;
1.096010;0.000964;1.100594;50.000000;1.068191;53.409561;0.000878;1.075619;-0.179976;0.000955;
0.942630;0.002869;0.915738;50.000000;5.333320;266.666016;0.000707;1.095115;1.251454;0.002360;
0.938026;0.003098;0.891597;12.943839;4.475027;57.924034;0.002003;1.135178;1.504450;0.002192;
1.149890;0.001204;1.046337;11.810796;5.794735;68.440437;0.000307;1.333525;1.061545;0.000480;
1.073056;0.001308;1.013602;6.840294;3.990739;27.297827;0.000896;1.230839;1.057290;0.000738;
1.070893;0.000820;1.070893;0.000000;0.000000;0.000000;0.000820;1.079072;0.071237;0.000818;
0.950719;0.000265;0.945270;50.000000;0.455945;22.797230;0.000253;0.940874;-0.110302;0.000262;
1.150131;0.003177;1.029687;19.590137;7.840380;153.594116;0.000434;1.409110;1.331363;0.001788;
1.215396;0.007143;1.237741;50.000000;6.385801;319.290070;0.004049;1.390053;0.937568;0.006557;
1.026199;0.002050;0.869026;4.927361;9.478140;46.702213;0.001082;1.241431;1.403300;0.000994;
0.992975;0.001160;0.936833;3.752613;3.918093;14.703085;0.001005;1.098904;0.879226;0.000889;
0.915993;0.011387;0.829898;50.000000;11.653250;582.662476;0.001480;1.242370;2.051062;0.009272;
1.900352;0.006589;1.460066;9.500040;18.433084;175.115036;0.000463;2.486001;1.131531;0.000924;
0.973080;0.005306;0.697093;5.718196;15.886706;90.843300;0.001748;1.372918;2.101104;0.001683;
0.906745;0.007176;0.677330;4.855080;14.087421;68.395561;0.004653;1.256215;2.171915;0.004267;
1.378986;0.014131;0.993983;18.080875;19.100866;345.360382;0.001220;2.121555;1.745419;0.004357;
2.333045;0.010256;1.957170;50.000000;14.733700;736.684998;0.000773;2.907127;0.889132;0.005719;
1.685067;0.005836;1.324440;4.811287;18.391752;88.488007;0.002852;2.145441;1.156509;0.001840;
2.044295;0.005267;1.694719;17.060423;13.328955;227.397598;0.001175;2.482621;0.882239;0.002266;
1.721856;0.003735;1.364255;6.039357;17.037403;102.894966;0.000474;2.168845;1.101249;0.000119;
1.456670;0.001828;1.304049;6.242456;7.970742;49.757011;0.001077;1.650973;0.782805;0.001083;
1.468994;0.002560;1.257806;9.536620;10.200106;97.274529;0.000653;1.765427;1.042874;0.000884;
1.724564;0.011020;1.314700;15.281236;17.638971;269.545288;0.002423;2.383658;1.328277;0.003747;
1.588636;0.002791;1.553281;28.033560;3.653836;102.430023;0.001949;1.812280;0.769986;0.001855;
1.571363;0.004581;1.511532;27.047781;6.289238;170.109940;0.002068;1.893900;1.002895;0.002682;
1.738446;0.007102;1.603155;20.392061;8.353734;170.349854;0.003721;2.170674;1.063442;0.003844;
1.613613;0.005192;1.328244;15.135751;12.767744;193.249390;0.001028;2.054774;1.176568;0.001744;
1.323613;0.002456;1.058434;2.984998;16.925747;50.523323;0.001528;1.554297;1.022926;0.001313;
1.289720;0.001664;1.119075;3.286193;10.876030;35.740734;0.001145;1.467149;0.877120;0.000991;
1.353865;0.001247;1.248229;15.792508;5.330266;84.178261;0.000486;1.496368;0.681836;0.000838;
1.285096;0.000917;1.251515;8.446735;2.297027;19.402378;0.000745;1.383182;0.543540;0.000710;
1.249751;0.001145;1.189989;13.576231;3.972221;53.927784;0.000499;1.414119;0.862904;0.000572;
1.274341;0.002185;1.132388;8.583115;7.989717;68.576653;0.000667;1.562143;1.244119;0.000466;
1.308647;0.003107;1.181612;13.245522;7.541262;99.887947;0.001030;1.614918;1.243631;0.001200;
1.600430;0.003619;1.439389;25.505342;8.380060;213.736298;0.000741;1.919354;0.974585;0.001787;
2.238309;0.013261;1.617414;13.045730;21.737303;283.578979;0.004689;2.951204;1.050105;0.005898;
1.390394;0.002970;1.256365;4.051096;7.884711;31.941721;0.002609;1.541847;0.692760;0.002516;
1.242250;0.001182;1.131538;2.471956;8.108650;20.044228;0.001030;1.338480;0.566454;0.000975;
1.237254;0.000948;1.111370;3.403164;8.101217;27.569769;0.000627;1.374217;0.762890;0.000541;
1.217901;0.001998;1.186310;50.000000;4.053545;202.677277;0.000832;1.369091;0.840732;0.001526;
1.159274;0.001229;1.155624;22.540497;1.998746;45.052727;0.000942;1.286224;0.791523;0.000878;
1.113127;0.000893;1.033450;14.493561;4.902971;71.061508;0.000031;1.291076;1.089513;0.000203;
1.089448;0.002241;0.946631;8.022482;8.527028;68.407928;0.000471;1.387806;1.572927;0.000280;
1.116830;0.002016;0.993397;11.463984;7.378597;84.588127;0.000294;1.386318;1.429548;0.000450;
1.328695;0.003567;1.180869;27.110283;8.702223;235.919724;0.000172;1.649062;1.248528;0.001578;
2.308807;0.002360;2.308807;0.000000;0.000000;0.000000;0.002360;2.103514;-0.640178;0.001715;
2.465818;0.003846;2.295094;15.671145;7.593781;119.003250;0.001887;2.784134;0.563970;0.002391;
1.636061;0.009901;1.136324;8.441994;21.866640;184.598038;0.002547;2.243018;1.354884;0.003515;
1.134476;0.003013;0.977343;2.318795;11.768341;27.288370;0.002786;1.245832;0.739482;0.002741;
1.197481;0.001911;1.131336;8.232141;4.152442;34.183487;0.001436;1.363778;0.930791;0.001307;
1.239571;0.000753;1.201890;10.055377;2.582706;25.970089;0.000512;1.354734;0.658858;0.000468;
1.210537;0.002081;1.143924;35.777637;5.315291;190.168564;0.000429;1.441992;1.156129;0.000975;
1.099569;0.001225;1.018270;10.039768;5.064040;50.841793;0.000441;1.290681;1.168719;0.000418;
1.095189;0.001648;0.952808;6.465245;8.142687;52.644466;0.000660;1.294563;1.208858;0.000770;
1.137375;0.002422;0.974028;9.384429;9.313129;87.398407;0.000212;1.436111;1.479938;0.000510;
1.175622;0.002834;1.018735;14.147785;8.906552;126.007988;0.000229;1.491005;1.459938;0.000774;
1.170739;0.002719;1.033354;13.705868;8.030742;110.068283;0.000532;1.465730;1.412882;0.000903;
1.901219;0.003309;1.782153;12.917291;6.333959;81.817596;0.001912;2.151023;0.650444;0.002231;
1.382781;0.005479;1.193610;28.945576;10.739829;310.870544;0.000299;1.748490;1.275321;0.002990;
1.027290;0.001794;0.884577;8.456964;8.286933;70.082298;0.000276;1.274623;1.525635;0.000434;
1.250622;0.001316;1.157903;5.844140;5.624299;32.869190;0.000767;1.431946;0.930569;0.000599;
1.204993;0.001208;1.110663;11.040730;5.134439;56.687950;0.000577;1.353813;0.844324;0.000739;
1.163166;0.001153;1.026407;6.043155;7.892356;47.694725;0.000244;1.374658;1.155027;0.000180;
1.379595;0.002036;1.159250;6.098083;11.706078;71.384644;0.000237;1.678668;1.142217;0.000219;
1.414028;0.003563;1.130212;5.688115;14.810044;84.241234;0.001100;1.771388;1.233486;0.001032;
1.315052;0.001367;1.158545;6.238948;8.672198;54.105396;0.000248;1.552020;1.046446;0.000192;
1.189487;0.001730;1.078984;10.646577;6.613156;70.407478;0.000373;1.417837;1.174041;0.000617;
1.105700;0.001232;1.019913;5.633753;5.136424;28.937346;0.000878;1.231212;0.845392;0.000878;
1.013744;0.005530;1.013744;0.000000;0.000000;0.000000;0.005530;0.910097;-1.261599;0.005275;
1.194424;0.009931;0.860802;11.139712;17.224928;191.880737;0.002216;1.798949;1.920576;0.002804;
1.074779;0.000964;0.990447;8.755158;5.159088;45.168629;0.000270;1.261093;1.188723;0.000190;
1.220162;0.001011;1.220162;0.000000;0.000000;0.000000;0.001011;1.231901;0.080857;0.001008;
1.212130;0.002947;0.950905;4.714741;14.715887;69.381592;0.001137;1.510961;1.362218;0.001064;
1.653762;0.004441;1.332697;9.060440;14.831364;134.378677;0.000257;2.123085;1.182436;0.000485;
1.995312;0.002433;1.757556;11.718923;10.078035;118.103722;0.000240;2.336263;0.770233;0.000529;
2.025686;0.001993;1.715739;5.701937;14.036759;80.036720;0.000458;2.337130;0.711931;0.000394;
1.630704;0.001166;1.451616;6.201217;9.060901;56.188614;0.000177;1.865621;0.769970;0.000122;
1.131859;0.000740;1.129794;4.932921;1.988608;9.809647;0.000579;1.226754;0.463616;0.000541;
1.129675;0.000587;1.064616;6.999183;3.835697;26.846748;0.000323;1.238986;0.731070;0.000323;
1.154585;0.003285;1.041618;15.772366;6.876617;108.460526;0.001496;1.401578;1.289547;0.001996;
1.054815;0.002531;0.916819;28.015593;6.887752;192.964447;0.001407;1.266260;1.331199;0.001561;
1.107460;0.001718;1.018007;4.406888;5.793266;25.530275;0.001316;1.266342;1.014135;0.001132;
1.137319;0.003267;1.029166;18.552404;7.514693;139.415619;0.000596;1.432242;1.465788;0.001449;
1.267206;0.004925;1.030291;11.671689;11.982821;139.859756;0.001532;1.645627;1.464065;0.002082;
2.332227;0.002251;1.939965;5.338705;16.698353;89.147575;0.000759;2.646008;0.602324;0.000771;
2.599255;0.000587;2.425808;8.839648;6.268117;55.407955;0.000239;2.730022;0.253322;0.000356;
2.333722;0.001316;2.035571;5.879383;12.574026;73.927513;0.000278;2.595943;0.524362;0.000288;
1.694486;0.001655;1.458174;6.380060;11.360307;72.479431;0.000266;1.964027;0.806751;0.000331;
1.220980;0.000607;1.166828;12.541746;3.523392;44.189487;0.000136;1.361024;0.789474;0.000187;
1.173048;0.001359;1.082389;10.237604;5.569810;57.021511;0.000391;1.381793;1.128839;0.000419;
1.105157;0.002725;1.075457;24.745041;3.853413;95.352859;0.001737;1.246087;0.921028;0.002295;
1.146849;0.004182;1.013251;50.000000;7.866914;393.345734;0.001388;1.372786;1.229946;0.003137;
1.201267;0.001719;1.079285;7.486689;7.070477;52.934464;0.000673;1.434101;1.176947;0.000562;
1.218721;0.005210;1.237706;50.000000;3.328301;166.415070;0.004391;1.413083;1.014645;0.004431;
1.422417;0.005574;1.242360;50.000000;9.326129;466.306427;0.001801;1.776246;1.214695;0.003233;
2.486396;0.001027;2.195435;3.560105;14.522491;51.701584;0.000594;2.674546;0.371399;0.000527;
2.735725;0.000162;2.708492;2.708492;1.334867;3.615477;0.000170;2.706237;-0.060913;0.000151;
2.245020;0.000245;2.245020;0.000000;0.000000;0.000000;0.000245;2.337744;0.225299;0.000114;
1.644260;0.001692;1.568245;50.000000;5.153118;257.655884;0.000146;1.841695;0.663525;0.000990;
1.428267;0.001728;1.294124;12.888627;7.259017;93.558762;0.000077;1.686090;0.984811;0.000424;
1.159761;0.000944;1.136955;7.274709;1.558546;11.337967;0.000876;1.216043;0.393346;0.000872;
1.110982;0.011906;0.740959;8.019474;19.566422;156.912399;0.004211;1.707616;2.067553;0.004760;
1.297610;0.002096;1.119566;8.530939;9.355436;79.810661;0.000417;1.563110;1.148347;0.000660;
1.228047;0.002892;1.241078;50.000000;1.330803;66.540138;0.002774;1.256349;0.188135;0.002875;
1.261332;0.008433;0.894350;6.900640;18.774841;129.558411;0.003064;1.790726;1.727091;0.002917;
2.067192;0.001832;1.824877;8.739847;10.170105;88.885162;0.000346;2.344038;0.633146;0.000589;
2.282225;0.000215;2.238644;50.000000;1.816109;90.805450;0.000081;2.318124;0.089652;0.000196;
1.738800;0.000474;1.738800;0.000000;0.000000;0.000000;0.000474;1.775057;0.134963;0.000450;
1.512943;0.001368;1.519946;50.000000;2.800408;140.020401;0.000779;1.607866;0.406968;0.001197;
1.448581;0.001806;1.284452;11.132048;8.253215;91.875183;0.000178;1.714429;0.987564;0.000434;
1.080902;0.002161;1.080902;0.000000;0.000000;0.000000;0.002161;1.116343;0.288677;0.002133;
1.207501;0.003434;0.987703;7.379090;12.161540;89.741096;0.000510;1.585342;1.558323;0.000435;
1.169921;0.000536;1.122011;4.811071;2.859130;13.755477;0.000468;1.223513;0.371024;0.000472;
1.019259;0.002689;0.916541;21.760038;5.722684;124.525818;0.001682;1.186457;1.190555;0.002069;
1.296821;0.004216;1.077882;12.558240;11.586601;145.507324;0.000301;1.691366;1.449873;0.001148;
1.443622;0.001590;1.370722;25.848175;4.938577;127.653206;0.000344;1.605452;0.683614;0.001084;
1.150204;0.001237;1.140039;16.257490;1.356615;22.055159;0.001122;1.182146;0.235111;0.001215;
1.289710;0.001981;1.148148;10.835401;7.944799;86.085083;0.000155;1.561469;1.174781;0.000467;
1.196788;0.000580;1.124450;6.226988;4.222073;26.290796;0.000309;1.306527;0.668870;0.000315;
0.913379;0.002229;0.913379;0.000000;0.000000;0.000000;0.002229;0.921381;0.092696;0.002228;
1.151125;0.003874;1.031340;50.000000;7.800347;390.017365;0.000730;1.431396;1.402129;0.002269;
1.124660;0.000492;1.139526;50.000000;1.272472;63.623615;0.000393;1.165477;0.308267;0.000455;
1.065760;0.000466;1.056124;20.192286;1.563948;31.579678;0.000301;1.151073;0.652365;0.000301;
1.080165;0.001869;0.983945;10.908550;5.996712;65.415436;0.000707;1.316173;1.381798;0.000644;
1.084011;0.003870;1.015425;50.000000;6.967909;348.395477;0.000604;1.343710;1.451729;0.002471;
0.956448;0.000524;0.956448;0.000000;0.000000;0.000000;0.000524;0.892843;-0.793741;0.000429;
1.102030;0.001290;1.094698;50.000000;3.214547;160.727371;0.000486;1.209882;0.749348;0.001040;
1.035269;0.001445;1.004054;50.000000;3.696428;184.821396;0.000493;1.117992;0.663780;0.001294;
1.049225;0.001807;1.003148;41.241249;2.715293;111.982086;0.001517;1.113863;0.526795;0.001714;
0.996981;0.000937;0.944800;6.188786;3.402882;21.059710;0.000701;1.111848;0.930208;0.000626;
0.995380;0.000688;0.995380;0.000000;0.000000;0.000000;0.000688;1.036629;0.384019;0.000647;
1.004041;0.000988;0.939573;26.301168;4.395836;115.615639;0.000099;1.142237;1.057650;0.000561;
1.000166;0.003773;0.920146;41.236816;6.532696;269.387573;0.001264;1.246976;1.580232;0.002454;
1.120392;0.002171;1.083963;50.000000;4.757316;237.865814;0.000554;1.255035;0.872031;0.001790;
0.971058;0.002034;0.883037;46.891254;6.015705;282.083954;0.000223;1.154403;1.363517;0.001292;
1.141237;0.002442;1.146936;50.000000;2.821660;141.083023;0.001825;1.188561;0.344538;0.002395;
1.146244;0.000442;1.146244;0.000000;0.000000;0.000000;0.000442;1.118330;-0.230611;0.000425;
1.027616;0.000710;0.976354;21.346535;3.582471;76.473343;0.000121;1.144658;0.896494;0.000402;
1.013129;0.000758;0.991398;18.170530;1.581687;28.740089;0.000644;1.051650;0.349339;0.000724;
1.062254;0.001719;1.020303;26.779551;4.055799;108.612473;0.000712;1.189401;0.906108;0.001365;
1.167140;0.013932;0.874742;31.718887;16.981720;538.641235;0.000562;1.813413;1.994656;0.006249;
1.007258;0.001339;0.921849;13.352529;5.419834;72.368484;0.000297;1.217713;1.419509;0.000344;
1.291906;0.001371;1.292109;50.000000;2.161216;108.060822;0.001012;1.376229;0.472316;0.001225;
1.141023;0.000280;1.097030;9.332990;2.672372;24.941219;0.000089;1.224572;0.573077;0.000125;
1.080236;0.000953;1.019144;7.036386;3.288124;23.136513;0.000851;1.126705;0.371810;0.000904;
0.899150;0.005895;0.899150;0.000000;0.000000;0.000000;0.005895;0.563946;-10.440228;0.003112;
1.239756;0.040113;0.892437;50.000000;24.860567;1243.028442;0.000904;2.182450;1.994644;0.026742;
1.556995;0.022726;1.106755;35.847885;22.000738;788.679932;0.000462;2.420942;1.598466;0.011057;
1.261656;0.004943;1.031591;17.131119;11.202166;191.905624;0.001754;1.597098;1.375257;0.002729;
1.113640;0.002318;0.946620;8.726912;9.259571;80.807465;0.000518;1.385212;1.441795;0.000731;
1.071733;0.000864;1.031223;8.153570;2.404104;19.602032;0.000742;1.128864;0.454726;0.000789;
0.750919;0.007259;0.750919;0.000000;0.000000;0.000000;0.007259;0.470624;-12.158394;0.005300;
1.746715;0.027753;1.136986;23.154764;26.319384;609.419128;0.000594;2.799047;1.502535;0.011298;
2.001673;0.009249;1.578261;23.844748;16.043261;382.547516;0.002105;2.522247;0.993637;0.005090;
1.217081;0.016060;0.835808;18.684414;19.777266;369.526611;0.001976;1.896062;1.928255;0.007668;
1.093186;0.002098;1.085386;50.000000;2.929819;146.490952;0.001432;1.163645;0.527507;0.001990;
0.859483;0.003445;0.859483;0.000000;0.000000;0.000000;0.003445;0.919403;0.686293;0.003361;
1.667482;0.015813;1.300943;22.951452;18.180363;417.265717;0.001650;2.428111;1.443051;0.006377;
1.130150;0.007114;1.137046;50.000000;7.438524;371.926178;0.002811;1.346332;1.209050;0.006204;
1.682045;0.014323;1.505834;34.415886;13.323996;458.557129;0.003469;2.212231;1.210711;0.009776;
1.398457;0.016759;1.001824;33.612728;19.268957;647.682251;0.001938;2.058893;1.648552;0.009371;
1.818925;0.006758;1.553339;50.000000;11.124619;556.230957;0.002203;2.149367;0.839240;0.004967;
1.442618;0.004852;1.095014;3.330433;20.463005;68.150665;0.003272;1.755971;1.116613;0.002900;
1.278292;0.002732;1.044467;3.046107;15.100664;45.998234;0.001838;1.508721;1.074985;0.001550;
1.276021;0.003681;1.136730;8.244554;8.283803;68.296257;0.001824;1.582772;1.287812;0.001689;
1.280872;0.002687;1.213009;7.151558;4.464112;31.925358;0.002148;1.498206;1.027814;0.001688;
1.541381;0.008241;1.541381;0.000000;0.000000;0.000000;0.008241;1.690023;0.590662;0.007778;
1.215785;0.001322;1.076466;4.547164;8.184141;37.214630;0.000801;1.380055;0.901547;0.000749;
1.387709;0.000680;1.387709;0.000000;0.000000;0.000000;0.000680;1.457431;0.355327;0.000583;
1.274361;0.001059;1.179877;4.455329;5.650275;25.173838;0.000794;1.387482;0.621503;0.000781;
1.203316;0.001959;1.111125;11.581797;5.872912;68.018875;0.000701;1.431655;1.155422;0.000845;
1.186028;0.001506;1.173487;13.291705;1.865838;24.800171;0.001294;1.330188;0.846790;0.001050;
1.352283;0.003625;1.126016;4.492683;12.966601;58.254833;0.002057;1.651482;1.177805;0.001697;
1.995557;0.002759;1.742134;4.271447;12.959921;55.357609;0.001797;2.261632;0.648890;0.001516;
1.286762;0.001614;1.201558;2.843160;5.872888;16.697561;0.001508;1.363572;0.439110;0.001486;
1.069235;0.000888;1.069235;0.000000;0.000000;0.000000;0.000888;0.981893;-0.924446;0.000707;
1.336757;0.000552;1.330034;50.000000;0.941027;47.051365;0.000489;1.336168;-0.003551;0.000552;
1.293985;0.000707;1.252066;40.214268;3.202501;128.786240;0.000116;1.402038;0.582494;0.000467;
1.220099;0.002292;1.163188;26.554712;4.739638;125.859726;0.001000;1.387393;0.904367;0.001712;
1.208490;0.000435;1.189927;9.451528;1.312400;12.404181;0.000373;1.268336;0.388762;0.000356;
1.177014;0.001304;1.046362;4.384009;8.030464;35.205627;0.000679;1.364432;1.044087;0.000514;
1.537297;0.001601;1.504056;1.540633;3.209589;4.944799;0.001591;1.576015;0.176094;0.001570;
2.265850;0.006850;1.823135;6.152535;17.868694;109.937775;0.005013;2.569496;0.602942;0.005466;
1.528931;0.008686;1.090905;7.886278;20.742443;163.580673;0.000670;2.167667;1.492097;0.001043;
1.118407;0.002771;0.912295;6.203189;11.420830;70.845566;0.001080;1.373428;1.376729;0.001355;
1.121497;0.000464;1.093897;1.278063;3.034380;3.878130;0.000461;1.132403;0.087385;0.000461;
1.244334;0.001765;1.136498;12.051532;6.104253;73.565598;0.000655;1.480172;1.129104;0.000609;
1.185402;0.001668;1.168176;50.000000;3.231044;161.552216;0.000888;1.348864;0.931453;0.001104;
1.123932;0.001298;1.038913;11.137555;5.244285;58.408508;0.000406;1.314920;1.129699;0.000498;
1.260589;0.001544;1.125710;10.111934;7.221800;73.026360;0.000341;1.482736;1.061665;0.000520;
1.203674;0.000193;1.153731;4.398302;3.059152;13.455073;0.000119;1.264384;0.396521;0.000112;
1.263680;0.000905;1.154705;3.564121;6.996168;24.935186;0.000603;1.402698;0.747762;0.000481;
1.469538;0.002463;1.469538;0.000000;0.000000;0.000000;0.002463;1.458284;-0.058646;0.002460;
1.311723;0.006752;1.116759;21.899597;11.330787;248.139679;0.001201;1.784970;1.565884;0.002462;
1.080660;0.004042;1.001360;36.182781;7.403264;267.870667;0.000571;1.391155;1.618045;0.002036;
1.169712;0.001701;1.048581;10.440738;7.080992;73.930779;0.000252;1.404129;1.223948;0.000526;
1.101760;0.003499;0.990173;6.402759;7.169200;45.902657;0.002306;1.385962;1.511051;0.001673;
1.146886;0.001496;1.138739;50.000000;2.101392;105.069611;0.001159;1.289604;0.884705;0.001053;
1.181400;0.000506;1.165410;4.729827;1.179307;5.577920;0.000479;1.237995;0.384518;0.000435;
1.499651;0.002920;1.373716;8.732974;6.997040;61.104969;0.001657;1.768804;0.951607;0.001485;
1.296906;0.000223;1.292786;44.504848;1.222494;54.406929;0.000110;1.347080;0.294079;0.000170;
1.103871;0.000446;1.038108;7.549994;3.979632;30.046194;0.000104;1.232474;0.864682;0.000077;
1.293530;0.001941;1.176324;8.245205;6.743303;55.599915;0.000839;1.526342;1.057689;0.000797;
1.084853;0.010047;0.930297;50.000000;11.889226;594.461304;0.001539;1.485977;1.820794;0.006913;
1.115268;0.001513;1.049267;23.391714;4.487292;104.965446;0.000571;1.276794;1.011485;0.000948;
1.247536;0.001343;1.192382;28.163465;4.511576;127.061623;0.000175;1.424428;0.912098;0.000698;
1.195668;0.001794;1.089702;10.780740;6.537165;70.475471;0.000369;1.450115;1.253505;0.000413;
1.336936;0.000710;1.285975;17.407969;2.896364;50.419815;0.000411;1.458605;0.613640;0.000405;
1.516729;0.000756;1.426821;6.621834;4.722976;31.274763;0.000457;1.645347;0.530160;0.000433;
1.936764;0.003427;1.698711;17.090933;10.433767;178.322815;0.000102;2.291102;0.815341;0.001370;
1.579619;0.000573;1.568687;50.000000;2.285113;114.255669;0.000190;1.647203;0.281663;0.000488;
1.065233;0.001410;1.032500;50.000000;3.266932;163.346634;0.000708;1.180674;0.839543;0.001116;
1.165978;0.004246;1.033519;15.991285;8.832608;141.244751;0.000764;1.487947;1.486331;0.002104;
0.874703;0.014117;0.690777;50.000000;12.850144;642.507202;0.005415;1.292611;2.415452;0.010500;
1.170910;0.002111;1.067696;8.187282;5.912569;48.407867;0.001364;1.353367;1.029258;0.001391;
1.374193;0.002348;1.161978;6.250539;11.288775;70.560928;0.000614;1.675594;1.155135;0.000522;
1.295385;0.003996;1.157671;17.288637;8.834183;152.730972;0.000500;1.647956;1.363373;0.001531;
1.881714;0.002090;1.714592;10.212081;7.896117;80.635788;0.000619;2.152139;0.701829;0.000817;
2.017251;0.001392;1.763778;3.109488;14.494385;45.070114;0.000931;2.195273;0.464306;0.000849;
2.263721;0.003159;1.934190;11.582660;12.449415;144.197342;0.000459;2.612580;0.667469;0.001325;
1.830415;0.000718;1.672920;6.893909;7.378043;50.863556;0.000096;2.011936;0.536192;0.000136;
0.992889;0.001319;0.992889;0.000000;0.000000;0.000000;0.001319;0.947484;-0.508768;0.001270;
1.170300;0.005049;1.051482;28.898088;8.897174;257.111328;0.000673;1.494289;1.482859;0.002947;
1.228816;0.000613;1.235665;50.000000;1.692189;84.609467;0.000396;1.305018;0.467738;0.000490;
1.438509;0.003742;1.109568;3.711130;18.834478;69.897194;0.001831;1.780179;1.182158;0.001339;
1.648667;0.003995;1.405546;10.924401;11.612636;126.861092;0.000679;2.071961;1.121208;0.000757;
2.306635;0.003117;1.955703;11.602740;13.105134;152.055466;0.000101;2.694483;0.704853;0.000882;
2.042645;0.000852;1.840066;5.773721;9.320254;53.812546;0.000171;2.246319;0.507909;0.000166;
2.182526;0.001091;1.975168;6.414067;9.173202;58.837524;0.000259;2.416253;0.520449;0.000219;
1.898298;0.000620;1.748741;5.925850;7.155178;42.400509;0.000160;2.069180;0.486426;0.000118;
0.984452;0.006931;0.984452;0.000000;0.000000;0.000000;0.006931;0.590860;-11.446904;0.002896;
1.071038;0.001395;1.044160;27.139576;2.088930;56.692684;0.001163;1.140781;0.543484;0.001285;
1.169992;0.001093;1.095233;2.925540;5.281870;15.452324;0.000968;1.261533;0.597440;0.000901;
1.398430;0.003720;1.372931;8.630271;2.184962;18.856817;0.003521;1.549339;0.684560;0.003244;
1.626163;0.002116;1.545512;50.000000;5.266112;263.305603;0.000544;1.817821;0.660602;0.001453;
1.802233;0.002224;1.602648;16.713318;8.386998;140.174561;0.000571;2.067748;0.733717;0.001012;
1.600797;0.002300;1.508617;17.269218;5.945898;102.681007;0.000670;1.845556;0.808204;0.001188;
1.819294;0.003499;1.564984;12.040670;11.434175;137.675140;0.000277;2.224720;0.966356;0.000681;
1.742494;0.001425;1.523240;5.455082;10.882451;59.364662;0.000412;1.990763;0.734102;0.000313;
1.057768;0.002170;1.057768;0.000000;0.000000;0.000000;0.002170;0.856067;-2.818947;0.001183;
1.262975;0.000314;1.241054;4.212200;1.418502;5.975014;0.000294;1.302432;0.246286;0.000281;
1.181988;0.002371;1.181988;0.000000;0.000000;0.000000;0.002371;1.262675;0.528546;0.002220;
1.128537;0.000772;1.024007;7.721445;5.951936;45.957542;0.000103;1.291676;1.001451;0.000186;
1.181862;0.003604;0.994924;13.114548;10.016331;131.359650;0.000827;1.522754;1.515855;0.001226;
1.222970;0.004006;1.037215;11.367963;10.610350;120.618057;0.000464;1.608263;1.543853;0.000969;
1.373385;0.004671;1.133146;10.728355;12.442840;133.491211;0.000595;1.782955;1.374314;0.001403;
1.345454;0.002669;1.179969;10.473242;8.847718;92.664291;0.000625;1.635982;1.157355;0.000966;
1.058558;0.001288;1.008287;1.049742;6.356086;6.672254;0.001278;1.085665;0.233982;0.001270;
1.301124;0.003609;1.301124;0.000000;0.000000;0.000000;0.003609;1.372813;0.401425;0.003507;
1.089875;0.004224;1.089875;0.000000;0.000000;0.000000;0.004224;1.229908;0.516348;0.003205;
1.083770;0.002865;0.909970;6.127312;10.037438;61.502510;0.001350;1.351766;1.488211;0.001275;
1.027742;0.004440;0.863218;37.232094;9.479088;352.926300;0.000872;1.338810;1.734830;0.002407;
0.938332;0.001314;0.888264;50.000000;3.667546;183.377319;0.000603;1.086459;1.239979;0.000809;
1.113839;0.001422;1.056184;28.969131;4.107863;119.001236;0.000568;1.237465;0.822638;0.001092;
1.133241;0.000694;1.115349;25.635397;2.159129;55.350128;0.000389;1.224266;0.623387;0.000512;
1.034413;0.003143;0.992394;19.362875;3.877006;75.069984;0.002280;1.186041;1.082311;0.002628;
1.200069;0.002889;1.158330;13.820520;3.923924;54.230667;0.002058;1.379627;0.976529;0.002197;
1.038711;0.000186;1.007405;5.737817;1.966176;11.281554;0.000127;1.090248;0.437651;0.000124;
0.970333;0.001135;0.925380;31.628479;3.090476;97.747055;0.000690;1.029854;0.557301;0.001054;
0.933045;0.000744;0.945880;50.000000;1.654669;82.733429;0.000550;0.967520;0.363550;0.000716;
0.966337;0.001448;0.879697;6.903996;5.067916;34.988876;0.001063;1.086173;1.009105;0.001116;
1.011002;0.001999;0.889031;12.801966;7.306483;93.537346;0.000311;1.267858;1.596627;0.000540;
1.057770;0.008268;1.001299;50.000000;9.166169;458.308472;0.001996;1.384218;1.700885;0.006153;
1.153636;0.008973;0.952303;16.318487;12.517339;204.264038;0.002360;1.625492;1.813166;0.004535;
1.109422;0.001837;0.955538;5.421877;8.788751;47.651524;0.001054;1.279029;1.056267;0.001195;
1.042651;0.001404;0.972848;34.548512;4.509264;155.788330;0.000481;1.183643;1.013590;0.000965;
0.998056;0.005247;0.833364;50.000000;9.803691;490.184570;0.001060;1.347059;1.910871;0.002679;
0.911098;0.001360;0.816943;1.785784;8.455899;15.100407;0.001275;0.983304;0.737850;0.001232;
1.042624;0.003206;0.942313;50.000000;6.742187;337.109344;0.000881;1.294039;1.506894;0.001851;
1.411806;0.006815;1.309740;32.923004;8.844439;291.185516;0.001950;1.797511;1.280123;0.004064;
1.382692;0.007703;1.071544;18.837599;14.341864;270.166290;0.002255;1.841381;1.445786;0.003816;
1.067940;0.005362;0.972637;50.000000;7.558356;377.917816;0.001953;1.298412;1.375791;0.004257;
1.006559;0.010992;0.817560;40.620461;13.415021;544.924316;0.001061;1.536768;2.217569;0.005421;
1.202662;0.006053;0.989658;31.217958;11.607628;362.366425;0.000711;1.608378;1.616846;0.002836;
1.504725;0.002797;1.328008;7.633436;8.939868;68.241913;0.001494;1.739177;0.855786;0.001728;
1.851469;0.006075;1.625316;8.382055;11.082743;92.896164;0.003335;2.282368;0.986442;0.002755;
1.560939;0.017119;1.098923;20.047554;21.141758;423.840515;0.001395;2.371518;1.575765;0.006264;
2.236728;0.004490;1.723047;7.261529;20.206829;146.732468;0.000275;2.740331;0.869155;0.000585;
2.102632;0.001571;1.889823;10.910101;8.272758;90.256622;0.000617;2.329518;0.532925;0.000758;
1.514937;0.012627;1.281352;50.000000;14.006055;700.302734;0.001795;2.065504;1.409802;0.007483;
2.487653;0.003573;2.149723;20.793854;11.515061;239.442490;0.000375;2.863348;0.631611;0.001630;
2.344204;0.007885;1.875728;18.980244;16.287020;309.131592;0.001564;2.822565;0.787441;0.004646;
2.525291;0.009523;2.073482;28.635317;15.918648;455.835541;0.000844;3.133268;0.844318;0.004592;
2.644896;0.027301;1.875503;45.043327;25.326126;1140.773071;0.000758;3.677376;1.035708;0.014513;
2.887958;0.063749;1.560968;45.980740;38.055256;1749.808716;0.001147;4.538856;1.086615;0.035201;
1.513132;0.005500;1.237499;5.007311;14.540637;72.809486;0.003641;1.864112;1.124440;0.003183;
1.417251;0.002335;1.311538;11.224237;6.122112;68.716042;0.001119;1.688677;1.035643;0.000867;
1.378578;0.007450;1.249653;36.448357;10.044581;366.108490;0.001356;1.781027;1.352167;0.004471;
1.593470;0.012970;1.603705;50.000000;6.910975;345.548767;0.009422;1.627627;0.145258;0.012950;
1.655692;0.013303;1.062733;6.979499;26.361286;183.988586;0.003615;2.413180;1.468046;0.003305;
1.440346;0.005150;1.197073;8.080096;12.387658;100.093468;0.002231;1.861362;1.325917;0.001758;
1.348121;0.003992;1.262053;50.000000;7.241357;362.067841;0.000646;1.651838;1.185569;0.002223;
1.237740;0.001658;1.233549;50.000000;2.351048;117.552406;0.001232;1.306903;0.425575;0.001559;
1.135372;0.025557;1.135372;0.000000;0.000000;0.000000;0.025557;0.425340;-41.802242;0.012987;
2.236308;0.028221;1.715085;50.000000;22.831709;1141.585449;0.001024;3.159361;1.151470;0.017294;
1.420884;0.006909;1.285054;50.000000;10.094913;504.745667;0.000682;1.718907;1.081685;0.005313;
1.386353;0.004700;1.229507;24.188993;9.400261;227.382858;0.000633;1.779019;1.329448;0.001771;
1.229165;0.001497;1.089872;5.208037;8.162871;42.512539;0.000690;1.449360;1.099098;0.000463;
1.273804;0.002201;1.044324;5.493389;12.636035;69.414650;0.000342;1.581816;1.297231;0.000214;
1.276498;0.002412;1.117648;7.971955;8.605446;68.602226;0.000983;1.527264;1.132260;0.001107;
1.038357;0.040081;1.038357;0.000000;0.000000;0.000000;0.040081;0.188573;-252.121597;0.022403;
1.603976;0.022113;1.603976;0.000000;0.000000;0.000000;0.022113;1.072074;-5.541675;0.016388;
2.251546;0.002025;2.169399;13.475804;4.003243;53.946918;0.001506;2.482521;0.497794;0.001207;
1.781648;0.006409;1.476221;20.641024;12.845430;265.142822;0.001675;2.257457;1.090367;0.002616;
1.202325;0.001662;1.104179;48.645294;4.949064;240.748688;0.000862;1.340702;0.801428;0.001261;
1.160426;0.001806;1.036022;11.048352;7.350136;81.206894;0.000144;1.422921;1.332770;0.000336;
1.104035;0.000749;1.033600;3.338990;4.869637;16.259668;0.000587;1.210872;0.746741;0.000484;
1.244132;0.002134;1.045616;5.791535;11.057588;64.040405;0.000524;1.527173;1.271199;0.000431;
1.383467;0.004053;1.175035;14.581370;10.701550;156.043243;0.000577;1.742954;1.266722;0.001571;
1.098544;0.026172;1.098544;0.000000;0.000000;0.000000;0.026172;0.480949;-28.196980;0.016815;
1.304822;0.021385;1.304822;0.000000;0.000000;0.000000;0.021385;0.827956;-7.694766;0.015846;
2.175786;0.001834;2.175786;0.000000;0.000000;0.000000;0.001834;1.960620;-0.735737;0.001100;
1.327042;0.001495;1.196570;8.381798;6.539101;54.809418;0.000904;1.484846;0.764478;0.000991;
1.038562;0.001360;0.902403;4.218756;8.479018;35.770905;0.000788;1.208130;1.171965;0.000703;
1.105878;0.000373;1.105878;0.000000;0.000000;0.000000;0.000373;1.149342;0.336857;0.000330;
1.108087;0.000576;1.048790;3.957798;3.919655;15.513201;0.000436;1.202169;0.666952;0.000373;
1.271900;0.004997;1.079491;21.794922;10.670613;232.565186;0.000562;1.655970;1.464875;0.002118;
1.388908;0.004286;1.131927;10.910135;12.845676;140.148056;0.000286;1.799351;1.358240;0.001045;
1.177276;0.005713;1.117204;1.117204;5.891795;6.582338;0.005873;0.991224;-1.991618;0.004891;
1.109795;0.011341;1.109795;0.000000;0.000000;0.000000;0.011341;0.641566;-11.897700;0.005717;
1.373931;0.016640;0.918187;17.149120;21.044544;360.895416;0.003656;2.102784;1.741529;0.007321;
1.090686;0.002012;0.994771;6.572649;5.565262;36.578510;0.001536;1.241309;0.995977;0.001505;
0.995676;0.001228;0.981543;3.696276;3.604608;13.323626;0.000875;1.117203;0.670909;0.000822;
1.069836;0.002216;0.935103;6.213094;8.278980;51.438084;0.000875;1.336963;1.513260;0.000585;
1.269097;0.003982;0.990112;7.203072;14.580362;105.023399;0.000490;1.670933;1.508071;0.000702;
1.376128;0.005513;1.101491;10.819737;13.918686;150.596527;0.000531;1.854764;1.486153;0.001098;
1.249746;0.001346;1.113701;7.695315;7.549005;58.091972;0.000242;1.473856;1.081980;0.000287;
1.062386;0.001116;1.062386;0.000000;0.000000;0.000000;0.001116;0.906987;-1.929006;0.000541;
1.116715;0.001817;0.976535;9.061416;8.048931;72.934715;0.000244;1.367374;1.366270;0.000450;
0.997027;0.001528;0.943047;1.136102;6.475215;7.356507;0.001514;1.029426;0.307296;0.001502;
1.135246;0.002988;1.025918;5.860303;6.845731;40.118061;0.002094;1.367097;1.274224;0.001777;
1.310491;0.001866;1.113019;3.910168;11.676018;45.655190;0.001102;1.508502;0.926657;0.001042;
1.269416;0.001509;1.181988;41.130749;4.361837;179.405655;0.000889;1.426065;0.814023;0.001001;
1.176985;0.002452;1.066753;12.347933;6.881100;84.967361;0.000731;1.465630;1.387203;0.000686;
1.135346;0.003426;0.991378;9.399100;8.843331;83.119354;0.001018;1.475703;1.597013;0.000924;
1.231503;0.004879;1.036014;12.653365;11.245915;142.298676;0.000515;1.650610;1.594638;0.001318;
1.030498;0.000771;1.026197;15.076943;1.366024;20.595474;0.000643;1.125070;0.751804;0.000565;
1.167066;0.000368;1.132591;1.997537;3.826463;7.643502;0.000324;1.207354;0.204345;0.000322;
1.241202;0.001959;1.134814;14.812717;6.063078;89.810661;0.000727;1.428949;0.960205;0.001227;
1.159813;0.002832;1.018802;9.843633;8.130386;80.032539;0.001046;1.451701;1.425291;0.001020;
1.104129;0.001922;1.054057;15.901107;3.930434;62.498249;0.001158;1.292262;1.147966;0.001144;
1.103876;0.004377;0.972882;13.433214;8.513933;114.369492;0.001476;1.467020;1.712389;0.001568;
1.257272;0.007833;1.257272;0.000000;0.000000;0.000000;0.007833;1.440547;0.934422;0.007120;
1.092565;0.001472;0.981108;12.287170;6.680824;82.088432;0.000035;1.321552;1.330055;0.000331;
1.133836;0.000885;1.052127;4.433143;4.807065;21.310408;0.000770;1.192271;0.422085;0.000809;
1.181728;0.000798;1.146860;17.740431;2.454600;43.545658;0.000521;1.243654;0.414354;0.000714;
1.155886;0.001984;1.073646;18.220903;5.849001;106.574074;0.000348;1.372554;1.178902;0.000990;
1.095287;0.000654;1.095287;0.000000;0.000000;0.000000;0.000654;1.027047;-0.660688;0.000548;
1.038784;0.001126;1.038784;0.000000;0.000000;0.000000;0.001126;1.060935;0.199456;0.001114;
1.055901;0.001706;0.972940;13.042652;5.523262;72.037987;0.000513;1.239483;1.202031;0.000957;
1.168651;0.002440;1.115149;50.000000;5.416716;270.835815;0.000470;1.337648;0.969414;0.001851;
1.108229;0.001193;1.108229;0.000000;0.000000;0.000000;0.001193;1.054630;-0.492769;0.001129;
1.205178;0.001958;1.230279;50.000000;2.878969;143.948471;0.001385;1.342468;0.790462;0.001567;
1.049576;0.003061;1.049576;0.000000;0.000000;0.000000;0.003061;1.066705;0.151974;0.003055;
1.088308;0.001469;0.967584;9.475348;7.003062;66.356445;0.000245;1.314790;1.329926;0.000344;
1.124808;0.004006;1.103366;50.000000;5.387091;269.354523;0.001788;1.361571;1.303382;0.002845;
1.472112;0.016249;1.083579;16.348083;19.479580;318.453796;0.002235;2.287332;1.676392;0.004683;
1.282871;0.009247;0.894041;7.414333;19.891516;147.482346;0.001845;1.920513;1.813291;0.001255;
1.588810;0.003962;1.364613;12.837499;11.059658;141.978348;0.000414;1.996306;1.144692;0.000931;
1.930363;0.016350;1.522705;25.801003;18.765324;484.164185;0.001135;2.657971;1.208266;0.008393;
1.863250;0.029360;1.170718;27.838779;27.106703;754.617493;0.002680;2.955310;1.439012;0.012238;
2.169329;0.009068;1.905598;39.662037;12.934936;513.025879;0.000568;2.719381;0.935101;0.004668;
2.370953;0.018503;1.796674;35.454666;21.226309;752.571655;0.000220;3.212525;1.052421;0.009125;
2.083009;0.005742;2.043021;50.000000;6.182903;309.145142;0.003075;2.300270;0.517844;0.005029;
2.298468;0.014771;1.816040;25.627382;18.702522;479.296692;0.001578;3.083039;1.057597;0.006143;
2.453321;0.018172;1.947098;50.000000;19.109240;955.462036;0.001862;3.124218;0.911843;0.012429;
2.834861;0.033593;1.705100;26.709120;32.264084;861.745239;0.000931;4.122880;1.055171;0.014057;
2.406331;0.035312;1.193397;13.885134;38.002888;527.675171;0.001911;3.773444;1.219247;0.010374;
1.203741;0.002296;1.203741;0.000000;0.000000;0.000000;0.002296;0.939611;-3.154858;0.000674;
1.182459;0.002954;1.136646;1.920135;4.014297;7.707994;0.002918;1.244516;0.418477;0.002864;
1.551432;0.001237;1.551432;0.000000;0.000000;0.000000;0.001237;1.552119;0.003211;0.001237;
1.314760;0.005377;1.197272;50.000000;8.136518;406.825897;0.001601;1.600652;1.179100;0.003807;
1.114365;0.002118;1.089675;50.000000;3.768894;188.444702;0.001078;1.224776;0.748815;0.001857;
1.195528;0.001883;1.015063;6.721182;10.045174;67.515434;0.000229;1.468088;1.309827;0.000290;
1.383766;0.001042;1.271332;5.808681;6.379299;37.055309;0.000463;1.563760;0.796266;0.000370;
1.303186;0.004670;1.303186;0.000000;0.000000;0.000000;0.004670;0.955050;-4.072807;0.002123;
1.207475;0.016199;0.881549;19.843285;18.113434;359.430023;0.002880;1.838611;1.899961;0.008905;
1.276507;0.002327;1.124730;18.716850;7.519200;140.735733;0.000827;1.497760;1.037963;0.001340;
1.325200;0.002403;1.204286;5.511653;7.085645;39.053619;0.001673;1.541283;0.972889;0.001417;
1.286311;0.004765;1.203015;50.000000;7.360280;368.014008;0.001263;1.527830;1.086416;0.003634;
1.389093;0.000759;1.331104;9.476394;3.233958;30.646261;0.000500;1.492558;0.503151;0.000539;
1.456815;0.004462;1.317994;6.710814;7.761070;52.083092;0.003326;1.726610;0.993730;0.002995;
1.258487;0.001401;1.088632;3.528686;10.599051;37.400726;0.000838;1.438560;0.918922;0.000708;
1.449561;0.001645;1.421478;3.073719;4.293269;13.196302;0.001339;1.553781;0.308807;0.001316;
1.620729;0.009948;1.393028;17.336178;12.818460;222.223099;0.002811;2.124759;1.243041;0.005474;
1.556738;0.005650;1.201214;7.825335;16.963305;132.743530;0.000730;2.077086;1.340893;0.000657;
1.514064;0.002366;1.256944;4.354405;14.225239;61.942451;0.000809;1.828203;1.046765;0.000385;
1.615450;0.007781;1.273395;17.525352;15.437690;270.550964;0.000641;2.137126;1.275455;0.003084;
2.016086;0.010728;1.741568;50.000000;13.588837;679.441895;0.001235;2.451406;0.884559;0.007941;
1.699286;0.004134;1.444870;15.656767;11.333054;177.438965;0.000703;2.097731;1.039962;0.001366;
1.613249;0.011435;1.125927;9.346873;21.726479;203.074631;0.002051;2.340050;1.483802;0.002232;
1.934998;0.007254;1.600361;15.553652;14.292698;222.303650;0.001316;2.479676;1.064399;0.002466;
1.866771;0.014220;1.397928;16.199671;20.113695;325.835266;0.001120;2.645215;1.297286;0.004588;
2.012836;0.010751;1.629062;27.587177;15.876034;437.974945;0.001489;2.568365;1.017985;0.006073;
1.905563;0.020659;1.400138;41.346897;21.209770;876.958252;0.001355;2.729418;1.294374;0.010753;
